System,JobsSubmitted,JobsScheduled,Makespan (sec),Throughput (jobs/sec),NodeUtilization (%),StorageUtilization (%),MeanTurnaroundTime (sec),MeanExecutionTime (sec),MeanDecisionTime (sec)
Andes,350,128,105600.0,0.001212,42.48,0.31,4982.42,4982.42,0.0014
Aurora,1252,1550,93880.0,0.01651,19.51,0.01,801.4,801.4,0.0009
Crux,342,87,92357.9,0.000942,12.94,0.08,1677.93,1677.93,0.001
Frontier,1238,2100,94125.4,0.022311,33.07,0.04,1099.53,1099.53,0.0011
Perlmutter-Phase-1,1031,339,95808.91,0.003538,32.51,0.01,2226.92,2226.92,0.001
Perlmutter-Phase-2,587,596,97916.3,0.006087,42.22,0.01,1916.98,1916.98,0.0012
