System,JobsSubmitted,JobsScheduled,Makespan (sec),Throughput (jobs/sec),NodeUtilization (%),StorageUtilization (%),MeanTurnaroundTime (sec),MeanExecutionTime (sec),MeanDecisionTime (sec)
Andes,350,75,103745.79,0.000723,64.61,0.19,16792.31,5660.67,0.0023
Aurora,1252,1382,97025.03,0.014244,13.88,0.01,1538.45,799.59,0.001
Crux,342,83,92176.98,0.0009,39.09,0.07,7732.34,1508.96,0.0012
Frontier,1238,1507,98474.7,0.015303,21.4,0.03,1759.65,1109.11,0.0009
Perlmutter-Phase-1,1031,642,139109.4,0.004615,94.1,0.02,43335.58,2296.98,0.0008
Perlmutter-Phase-2,587,1111,96394.62,0.011526,90.58,0.02,29554.62,1841.88,0.0012
