System,JobsSubmitted,JobsScheduled,Makespan (sec),Throughput (jobs/sec),NodeUtilization (%),StorageUtilization (%),MeanTurnaroundTime (sec),MeanExecutionTime (sec),MeanDecisionTime (sec)
Andes,350,1094,1205052.99,0.000908,89.06,0.08,510420.36,5019.84,0.0003
Aurora,1252,1535,97728.91,0.015707,14.45,0.01,870.34,819.42,0.0003
Crux,342,81,96834.04,0.000836,45.31,0.04,2230.39,1869.56,0.0003
Frontier,1238,1078,98474.31,0.010947,15.3,0.02,1273.71,1059.73,0.0003
Perlmutter-Phase-1,1031,783,171865.79,0.004556,94.23,0.02,48856.46,2307.2,0.0003
Perlmutter-Phase-2,587,229,95450.98,0.002399,16.24,0.01,2139.9,1902.18,0.0003
