System,JobsSubmitted,JobsScheduled,Makespan (sec),Throughput (jobs/sec),NodeUtilization (%),StorageUtilization (%),MeanTurnaroundTime (sec),MeanExecutionTime (sec),MeanDecisionTime (sec)
Andes,3,3,74170.98,4e-05,60.24,0.16,34698.97,34683.33,15.6168
Aurora,22,38,82229.91,0.000462,23.64,0.01,6149.26,5350.32,15.5806
Crux,2,2,14035.32,0.000142,27.44,0.02,2228.14,2214.0,14.1236
Frontier,35,34,76718.35,0.000443,32.5,0.03,7323.75,6321.71,15.5064
Perlmutter-Phase-1,29,11,86713.68,0.000127,59.5,0.01,16444.01,11131.26,15.4321
Perlmutter-Phase-2,21,24,96570.47,0.000249,62.34,0.01,22685.56,10013.26,15.7217
