System,JobsSubmitted,JobsScheduled,Makespan (sec),Throughput (jobs/sec),NodeUtilization (%),StorageUtilization (%),MeanTurnaroundTime (sec),MeanExecutionTime (sec),MeanDecisionTime (sec)
Andes,198,578,649599.78,0.00089,88.13,0.08,258956.64,4901.04,0.0003
Aurora,756,1051,97571.17,0.010772,10.86,0.01,885.69,842.28,0.0003
Crux,217,46,95213.53,0.000483,44.13,0.02,1953.48,1906.04,0.0003
Frontier,740,781,99292.3,0.007866,11.5,0.02,1258.97,1077.51,0.0003
Perlmutter-Phase-1,617,254,97614.37,0.002602,42.57,0.01,6385.73,2094.7,0.0003
Perlmutter-Phase-2,352,170,96679.87,0.001758,11.68,0.0,1941.41,1851.64,0.0003
