System,JobsSubmitted,JobsScheduled,Makespan (sec),Throughput (jobs/sec),NodeUtilization (%),StorageUtilization (%),MeanTurnaroundTime (sec),MeanExecutionTime (sec),MeanDecisionTime (sec)
Andes,350,595,634906.58,0.000937,89.95,0.12,228700.46,5257.14,0.0009
Aurora,1252,1477,97018.76,0.015224,15.56,0.01,1466.32,826.29,0.0009
Crux,342,92,92140.25,0.000998,58.64,0.09,14205.16,1700.61,0.0014
Frontier,1238,1559,98474.31,0.015832,22.91,0.03,2203.48,1039.82,0.0009
Perlmutter-Phase-1,1031,424,99636.69,0.004255,69.35,0.01,10253.62,2248.96,0.0009
Perlmutter-Phase-2,587,653,98271.54,0.006645,49.21,0.01,6948.76,1958.13,0.0013
