System,JobsSubmitted,JobsScheduled,Makespan (sec),Throughput (jobs/sec),NodeUtilization (%),StorageUtilization (%),MeanTurnaroundTime (sec),MeanExecutionTime (sec),MeanDecisionTime (sec)
Andes,30,21,135874.78,0.000155,85.27,0.36,16200.43,10280.95,0.0035
Aurora,119,147,86985.61,0.00169,26.41,0.01,2696.22,2183.67,0.0027
Crux,27,10,18990.31,0.000527,36.28,0.02,1719.27,1650.6,0.003
Frontier,109,156,105451.97,0.001479,22.4,0.02,2428.26,2241.89,0.0025
Perlmutter-Phase-1,77,31,87971.12,0.000352,55.68,0.02,8173.51,5268.3,0.0015
Perlmutter-Phase-2,53,50,96975.36,0.000516,30.32,0.01,4194.74,3722.33,0.0027
