System,JobsSubmitted,JobsScheduled,Makespan (sec),Throughput (jobs/sec),NodeUtilization (%),StorageUtilization (%),MeanTurnaroundTime (sec),MeanExecutionTime (sec),MeanDecisionTime (sec)
Andes,17,14,24087.78,0.000581,26.0,0.12,4642.86,4642.86,0.0034
Aurora,67,71,81684.83,0.000869,15.94,0.01,2483.94,2483.94,0.0013
Crux,19,3,53120.01,5.6e-05,0.26,0.0,2028.0,2028.0,0.0016
Frontier,60,103,98111.73,0.00105,18.2,0.02,2635.55,2630.32,0.0024
Perlmutter-Phase-1,55,28,27807.21,0.001007,14.14,0.0,2433.45,2433.45,0.001
Perlmutter-Phase-2,33,32,45301.9,0.000706,31.84,0.0,3313.02,3313.01,0.0022
