System,JobsSubmitted,JobsScheduled,Makespan (sec),Throughput (jobs/sec),NodeUtilization (%),StorageUtilization (%),MeanTurnaroundTime (sec),MeanExecutionTime (sec),MeanDecisionTime (sec)
Andes,17,8,48945.48,0.000163,48.58,0.1,9549.99,9550.0,0.0003
Aurora,67,85,90431.21,0.00094,14.26,0.01,2285.08,2285.08,0.0003
Crux,19,13,20186.3,0.000644,47.1,0.03,1894.15,1894.15,0.0003
Frontier,60,95,98111.73,0.000968,16.26,0.01,2433.92,2433.91,0.0003
Perlmutter-Phase-1,55,30,82971.93,0.000362,18.1,0.02,3109.59,3102.44,0.0003
Perlmutter-Phase-2,33,20,45432.88,0.00044,40.85,0.01,4449.49,4449.49,0.0003
