System,JobsSubmitted,JobsScheduled,Makespan (sec),Throughput (jobs/sec),NodeUtilization (%),StorageUtilization (%),MeanTurnaroundTime (sec),MeanExecutionTime (sec),MeanDecisionTime (sec)
Andes,3,4,79573.4,5e-05,50.58,0.02,15255.32,15100.0,0.0001
Aurora,22,47,85159.7,0.000552,26.51,0.01,5130.21,5130.21,0.0001
Crux,2,8,49774.5,0.000161,10.0,0.0,1525.5,1525.5,0.0001
Frontier,35,39,95475.0,0.000408,28.67,0.03,6861.46,6861.47,0.0001
Perlmutter-Phase-1,29,6,42640.1,0.000141,70.62,0.02,12091.47,12091.45,0.0001
Perlmutter-Phase-2,21,8,53173.6,0.00015,59.5,0.01,14149.71,14149.75,0.0001
