System,JobsSubmitted,JobsScheduled,Makespan (sec),Throughput (jobs/sec),NodeUtilization (%),StorageUtilization (%),MeanTurnaroundTime (sec),MeanExecutionTime (sec),MeanDecisionTime (sec)
Andes,30,17,176255.92,9.6e-05,82.65,0.28,27381.64,12502.94,0.0001
Aurora,119,160,102789.21,0.001557,17.28,0.01,1971.87,1921.6,0.0001
Crux,27,27,96902.45,0.000279,22.49,0.01,1836.0,1836.0,0.0001
Frontier,109,140,87405.65,0.001602,32.33,0.03,2791.98,2489.37,0.0001
Perlmutter-Phase-1,77,29,64765.42,0.000448,72.99,0.01,7445.9,5369.72,0.0001
Perlmutter-Phase-2,53,42,69739.66,0.000602,61.98,0.01,5572.51,4598.83,0.0001
