System,JobsSubmitted,JobsScheduled,Makespan (sec),Throughput (jobs/sec),NodeUtilization (%),StorageUtilization (%),MeanTurnaroundTime (sec),MeanExecutionTime (sec),MeanDecisionTime (sec)
Andes,350,38,109200.0,0.000348,40.08,0.05,6311.85,6311.84,0.0001
Aurora,1252,2479,94750.9,0.026163,25.17,0.01,807.09,807.09,0.0001
Crux,342,71,89977.27,0.000789,54.13,0.03,1845.13,1845.13,0.0001
Frontier,1238,1696,92175.8,0.0184,27.1,0.04,1104.87,1104.87,0.0001
Perlmutter-Phase-1,1031,191,94724.12,0.002016,37.25,0.01,2116.85,2116.86,0.0001
Perlmutter-Phase-2,587,325,79882.1,0.004068,31.42,0.01,1848.32,1848.32,0.0001
