System,JobsSubmitted,JobsScheduled,Makespan (sec),Throughput (jobs/sec),NodeUtilization (%),StorageUtilization (%),MeanTurnaroundTime (sec),MeanExecutionTime (sec),MeanDecisionTime (sec)
Andes,30,29,72516.0,0.0004,20.72,0.1,4475.86,4475.86,0.0001
Aurora,119,106,81789.5,0.001296,27.11,0.02,2870.94,2870.94,0.0001
Crux,27,2,36372.6,5.5e-05,0.14,0.0,783.0,783.0,0.0001
Frontier,109,185,91901.5,0.002013,31.4,0.04,2285.27,2285.27,0.0001
Perlmutter-Phase-1,77,32,76824.3,0.000417,16.93,0.0,2658.16,2658.15,0.0001
Perlmutter-Phase-2,53,61,86559.78,0.000705,37.24,0.01,3470.53,3470.53,0.0001
