System,JobsSubmitted,JobsScheduled,Makespan (sec),Throughput (jobs/sec),NodeUtilization (%),StorageUtilization (%),MeanTurnaroundTime (sec),MeanExecutionTime (sec),MeanDecisionTime (sec)
Andes,30,8,92092.88,8.7e-05,41.95,0.05,8656.25,8656.25,0.0001
Aurora,119,169,94288.0,0.001792,25.58,0.01,2096.43,2096.43,0.0001
Crux,27,31,59292.1,0.000523,42.54,0.02,1595.03,1595.03,0.0001
Frontier,109,133,98412.2,0.001351,24.04,0.04,2535.38,2535.38,0.0001
Perlmutter-Phase-1,77,40,88689.0,0.000451,50.04,0.01,3604.4,3604.39,0.0001
Perlmutter-Phase-2,53,34,64369.8,0.000528,41.88,0.01,4923.53,4923.53,0.0001
