System,JobsSubmitted,JobsScheduled,Makespan (sec),Throughput (jobs/sec),NodeUtilization (%),StorageUtilization (%),MeanTurnaroundTime (sec),MeanExecutionTime (sec),MeanDecisionTime (sec)
Andes,4,2,83476.3,2.4e-05,75.65,0.06,40274.85,40275.0,0.0001
Aurora,13,29,97760.0,0.000297,13.07,0.01,5127.45,5127.45,0.0001
Crux,2,4,15194.1,0.000263,9.23,0.0,994.5,994.5,0.0001
Frontier,19,23,87118.7,0.000264,16.28,0.02,6547.71,6547.7,0.0001
Perlmutter-Phase-1,19,5,88615.3,5.6e-05,44.56,0.01,14790.74,14790.74,0.0001
Perlmutter-Phase-2,10,4,32334.1,0.000124,45.21,0.01,12953.58,12953.57,0.0001
